,a,b,c,,,,,,,
0,144.3052749,0.014565804,620.9092022,,,0.00000001000000000000000,0.014565804,,0.00000001000000000000000,63.65395184
1,168.7190326,0.018450166,594.5236046,,,0.00000002000000000000000,0.018450166,,0.00000002000000000000000,49.20005369
2,172.0573437,0.024615175,590.1863989,,,0.00000003000000000000000,0.024615175,,0.00000003000000000000000,35.62534671
3,174.9693927,0.02885646,586.5471083,,,0.00000004000000000000000,0.02885646,,0.00000004000000000000000,29.65428533
4,166.3684927,0.035720993,593.2224172,,,0.00000005000000000000000,0.035720993,,0.00000005000000000000000,22.99474236
5,191.6947268,0.032630605,566.7930226,,,0.00000006000000000000000,0.032630605,,0.00000006000000000000000,25.64607608
6,179.9386907,0.044321448,578.1681857,,,0.00000007000000000000000,0.044321448,,0.00000007000000000000000,17.56243964
7,191.2249061,0.041556906,566.0900762,,,0.00000008000000000000000,0.041556906,,0.00000008000000000000000,19.06338903
8,191.5518497,0.044039009,564.7068825,,,0.00000009000000000000000,0.044039009,,0.00000009000000000000000,17.70714134
9,191.4822598,0.050513252,568.398129,,,0.00000010000000000000000,0.050513252,,0.00000010000000000000000,14.79678509
10,201.5251996,0.045948711,554.9752849,,,0.00000011000000000000000,0.045948711,,0.00000011000000000000000,16.76339635
11,195.4544116,0.05239574,557.4750744,,,0.00000012000000000000000,0.05239574,,0.00000012000000000000000,14.08552121
12,183.5556567,0.063367469,566.832603,,,0.00000013000000000000000,0.063367469,,0.00000013000000000000000,10.780968
13,186.9025432,0.061348606,561.1444624,,,0.00000014000000000000000,0.061348606,,0.00000014000000000000000,11.30028882
14,187.4161542,0.067681626,559.9533943,,,0.00000015000000000000000,0.067681626,,0.00000015000000000000000,9.775058759
15,195.2480498,0.059366053,555.0634655,,,0.00000016000000000000000,0.059366053,,0.00000016000000000000000,11.84464348
16,189.8057748,0.064485818,554.7327623,,,0.00000017000000000000000,0.064485818,,0.00000017000000000000000,10.50728573
17,188.7179775,0.070151628,552.8733751,,,0.00000018000000000000000,0.070151628,,0.00000018000000000000000,9.254836765
18,200.6624575,0.069981269,551.7353858,,,0.00000019000000000000000,0.069981269,,0.00000019000000000000000,9.289537947
19,192.7245935,0.076433727,548.8053085,,,0.00000020000000000000000,0.076433727,,0.00000020000000000000000,8.083229527
20,192.0430546,0.082159868,550.2226742,,,0.00000021000000000000000,0.082159868,,0.00000021000000000000000,7.171392522
21,192.116643,0.076590381,545.7428905,,,0.00000022000000000000000,0.076590381,,0.00000022000000000000000,8.056469895
22,195.4625708,0.081278532,545.4861775,,,0.00000023000000000000000,0.081278532,,0.00000023000000000000000,7.303371892
23,195.9531337,0.082767113,543.6823568,,,0.00000024000000000000000,0.082767113,,0.00000024000000000000000,7.082093584
24,200.1135138,0.069874532,539.7636104,,,0.00000025000000000000000,0.069874532,,0.00000025000000000000000,9.311365963
25,198.0118341,0.074132274,545.2537224,,,0.00000026000000000000000,0.074132274,,0.00000026000000000000000,8.489401343
26,189.7441,0.082240325,543.036502,,,0.00000027000000000000000,0.082240325,,0.00000027000000000000000,7.159484985
27,193.4332523,0.064671649,536.8265738,,,0.00000028000000000000000,0.064671649,,0.00000028000000000000000,10.4627262
28,190.2174456,0.091069907,541.8438022,,,0.00000029000000000000000,0.091069907,,0.00000029000000000000000,5.980575656
29,191.2434124,0.088482496,538.9755415,,,0.00000030000000000000000,0.088482496,,0.00000030000000000000000,6.301670274
30,190.8748708,0.096688134,541.7839537,,,0.00000031000000000000000,0.096688134,,0.00000031000000000000000,5.342530733
31,188.2986593,0.094895301,539.8255612,,,0.00000032000000000000000,0.094895301,,0.00000032000000000000000,5.537929542
32,191.3965688,0.083810233,539.6548699,,,0.00000033000000000000000,0.083810233,,0.00000033000000000000000,6.931717233
33,198.1821707,0.0895359,537.1554509,,,0.00000034000000000000000,0.0895359,,0.00000034000000000000000,6.168704377
34,182.890311,0.09331569,537.6552695,,,0.00000035000000000000000,0.09331569,,0.00000035000000000000000,5.716311508
35,188.3475128,0.093679368,537.3553138,,,0.00000036000000000000000,0.093679368,,0.00000036000000000000000,5.674709103
36,188.3953902,0.098910912,536.5417977,,,0.00000037000000000000000,0.098910912,,0.00000037000000000000000,5.11010794
37,188.6496285,0.096586105,536.0892961,,,0.00000038000000000000000,0.096586105,,0.00000038000000000000000,5.353456075
38,190.8017277,0.10109672,537.1338873,,,0.00000039000000000000000,0.10109672,,0.00000039000000000000000,4.891517704
39,187.5610196,0.095805528,534.6600308,,,0.00000040000000000000000,0.095805528,,0.00000040000000000000000,5.437811059
40,198.4233659,0.103683119,533.2021281,,,0.00000041000000000000000,0.103683119,,0.00000041000000000000000,4.644771574
41,183.679825,0.079196938,530.1273782,,,0.00000042000000000000000,0.079196938,,0.00000042000000000000000,7.626750874
42,181.2882471,0.10079916,535.0264943,,,0.00000043000000000000000,0.10079916,,0.00000043000000000000000,4.920717619
43,184.2949353,0.101493001,530.7323282,,,0.00000044000000000000000,0.101493001,,0.00000044000000000000000,4.852896186
44,184.8979379,0.098626307,529.9934628,,,0.00000045000000000000000,0.098626307,,0.00000045000000000000000,5.139282625
45,184.1684328,0.112016151,532.0842429,,,0.00000046000000000000000,0.112016151,,0.00000046000000000000000,3.927284059
46,180.8064243,0.10186293,532.4730136,,,0.00000047000000000000000,0.10186293,,0.00000047000000000000000,4.81711402
47,185.3938872,0.111281338,530.3600201,,,0.00000048000000000000000,0.111281338,,0.00000048000000000000000,3.986232685
48,180.7092062,0.108651085,531.1813876,,,0.00000049000000000000000,0.108651085,,0.00000049000000000000000,4.203773729
49,175.2401056,0.088025588,528.2444704,,,0.00000050000000000000000,0.088025588,,0.00000050000000000000000,6.360333133
50,177.6556856,0.109990345,529.0501239,,,0.00000051000000000000000,0.109990345,,0.00000051000000000000000,4.091707117
51,181.2049146,0.118290463,530.5525913,,,0.00000052000000000000000,0.118290463,,0.00000052000000000000000,3.453766894
52,180.1599058,0.120675708,528.529957,,,0.00000053000000000000000,0.120675708,,0.00000053000000000000000,3.286671933
53,178.1502976,0.103617243,528.1278372,,,0.00000054000000000000000,0.103617243,,0.00000054000000000000000,4.650903345
54,178.5646547,0.113304913,530.7842914,,,0.00000055000000000000000,0.113304913,,0.00000055000000000000000,3.825742612
55,172.7925771,0.1185732,530.7368533,,,0.00000056000000000000000,0.1185732,,0.00000056000000000000000,3.43360897
56,176.1647447,0.127853256,531.4831671,,,0.00000057000000000000000,0.127853256,,0.00000057000000000000000,2.821466835
57,184.6460483,0.113497072,529.9136548,,,0.00000058000000000000000,0.113497072,,0.00000058000000000000000,3.810799982
58,169.9148598,0.101700813,530.2794112,,,0.00000059000000000000000,0.101700813,,0.00000059000000000000000,4.832763051
59,173.8986169,0.107950602,526.5387015,,,0.00000060000000000000000,0.107950602,,0.00000060000000000000000,4.263496271
60,176.0677296,0.123561421,527.4840969,,,0.00000061000000000000000,0.123561421,,0.00000061000000000000000,3.093140996
61,173.1275694,0.126278986,526.2079244,,,0.00000062000000000000000,0.126278986,,0.00000062000000000000000,2.918973915
62,168.8254237,0.122412614,527.6121907,,,0.00000063000000000000000,0.122412614,,0.00000063000000000000000,3.169092791
63,172.9962253,0.138480624,527.2163067,,,0.00000064000000000000000,0.138480624,,0.00000064000000000000000,2.221226849
64,179.6169715,0.129845231,525.5257885,,,0.00000065000000000000000,0.129845231,,0.00000065000000000000000,2.701476566
65,172.3134719,0.127775266,525.6916659,,,0.00000066000000000000000,0.127775266,,0.00000066000000000000000,2.826240815
66,168.3675681,0.122958488,524.8717448,,,0.00000067000000000000000,0.122958488,,0.00000067000000000000000,3.132826105
67,171.5666563,0.133530905,525.1839163,,,0.00000068000000000000000,0.133530905,,0.00000068000000000000000,2.488903018
68,170.7413581,0.135696142,524.9601469,,,0.00000069000000000000000,0.135696142,,0.00000069000000000000000,2.369406282
69,171.1629233,0.139656958,525.0398896,,,0.00000070000000000000000,0.139656958,,0.00000070000000000000000,2.160402294
70,170.7990415,0.141040511,525.9725565,,,0.00000071000000000000100,0.141040511,,0.00000071000000000000100,2.090161489
71,175.8497981,0.142742632,524.4357842,,,0.00000072000000000000100,0.142742632,,0.00000072000000000000100,2.005615511
72,171.0396431,0.144214043,525.5413676,,,0.00000073000000000000100,0.144214043,,0.00000073000000000000100,1.934137473
73,173.2440211,0.159994239,528.2566492,,,0.00000074000000000000100,0.159994239,,0.00000074000000000000100,1.250225066
74,168.3800822,0.137729579,524.8571464,,,0.00000075000000000000100,0.137729579,,0.00000075000000000000100,2.260604496
75,173.6150738,0.145098067,523.9035738,,,0.00000076000000000000100,0.145098067,,0.00000076000000000000100,1.891890564
76,168.8827242,0.136441955,523.5784973,,,0.00000077000000000000100,0.136441955,,0.00000077000000000000100,2.329123955
77,170.4144899,0.134423456,529.4541017,,,0.00000078000000000000100,0.134423456,,0.00000078000000000000100,2.439177867
78,170.2851739,0.141328873,525.2033844,,,0.00000079000000000000100,0.141328873,,0.00000079000000000000100,2.075695024
79,172.3740951,0.132697483,522.9050405,,,0.00000080000000000000100,0.132697483,,0.00000080000000000000100,2.535937948
80,169.6059216,0.157705073,529.1104044,,,0.00000081000000000000100,0.157705073,,0.00000081000000000000100,1.340950101
81,160.3973974,0.138880531,524.0313312,,,0.00000082000000000000100,0.138880531,,0.00000082000000000000100,2.200433294
82,162.5466922,0.141483209,524.2187396,,,0.00000083000000000000100,0.141483209,,0.00000083000000000000100,2.067976547
83,159.4967667,0.13403022,522.1163777,,,0.00000084000000000000100,0.13403022,,0.00000084000000000000100,2.461003945
84,157.9488847,0.137947491,522.2542366,,,0.00000085000000000000100,0.137947491,,0.00000085000000000000100,2.249135111
85,156.1726018,0.137973543,522.7932441,,,0.00000086000000000000100,0.137973543,,0.00000086000000000000100,2.247766348
86,153.2186442,0.107743313,521.3242321,,,0.00000087000000000000100,0.107743313,,0.00000087000000000000100,4.28131846
87,156.450477,0.14568249,522.121825,,,0.00000088000000000000100,0.14568249,,0.00000088000000000000100,1.864242893
88,160.9163568,0.158698021,521.9036413,,,0.00000089000000000000100,0.158698021,,0.00000089000000000000100,1.301275798
89,159.2922103,0.140943074,521.0122358,,,0.00000090000000000000100,0.140943074,,0.00000090000000000000100,2.095063082
90,157.9641412,0.162646861,522.8670445,,,0.00000091000000000000100,0.162646861,,0.00000091000000000000100,1.148289592
91,159.4606749,0.155046477,521.6602663,,,0.00000092000000000000100,0.155046477,,0.00000092000000000000100,1.449678948
92,155.4312881,0.15450045,521.486459,,,0.00000093000000000000100,0.15450045,,0.00000093000000000000100,1.472473078
93,152.3200196,0.153445511,521.5691145,,,0.00000094000000000000100,0.153445511,,0.00000094000000000000100,1.516971377
94,156.321412,0.145277472,520.9539025,,,0.00000095000000000000100,0.145277472,,0.00000095000000000000100,1.88337971
95,153.9435184,0.158924951,521.9380197,,,0.00000096000000000000100,0.158924951,,0.00000096000000000000100,1.292278163
96,152.6086214,0.146047065,520.8260996,,,0.00000097000000000000100,0.146047065,,0.00000097000000000000100,1.847107823
97,151.0152509,0.145136311,520.6960991,,,0.00000098000000000000100,0.145136311,,0.00000098000000000000100,1.890074553
98,152.216614,0.157537809,521.4354356,,,0.00000099000000000000000,0.157537809,,0.00000099000000000000000,1.347682531
99,148.6521306,0.142206295,520.8270401,,,0.00000100000000000000000,0.142206295,,0.00000100000000000000000,2.032037502
100,152.9759067,0.138195091,521.1045096,,,0.00000101000000000000000,0.138195091,,0.00000101000000000000000,2.236147052
101,151.1191021,0.155883503,520.37361,,,0.00000102000000000000000,0.155883503,,0.00000102000000000000000,1.415047011
102,152.4885744,0.157987397,519.4726369,,,0.00000103000000000000000,0.157987397,,0.00000103000000000000000,1.329618829
103,146.3729969,0.153815578,520.0093527,,,0.00000104000000000000000,0.153815578,,0.00000104000000000000000,1.501292098
104,149.6321556,0.165181499,519.9890182,,,0.00000105000000000000000,0.165181499,,0.00000105000000000000000,1.053946739
105,149.0338106,0.160806225,519.3203781,,,0.00000106000000000000000,0.160806225,,0.00000106000000000000000,1.218664724
106,148.6345047,0.161702779,519.815136,,,0.00000107000000000000000,0.161702779,,0.00000107000000000000000,1.184185613
107,148.3702634,0.17851412,524.0611387,,,0.00000108000000000000000,0.17851412,,0.00000108000000000000000,0.601797769
108,146.7875469,0.167869957,520.5127119,,,0.00000109000000000000000,0.167869957,,0.00000109000000000000000,0.956992062
109,145.633687,0.156577713,520.5601873,,,0.00000110000000000000000,0.156577713,,0.00000110000000000000000,1.386604956
110,147.2900548,0.165429748,519.3616588,,,0.00000111000000000000000,0.165429748,,0.00000111000000000000000,1.044862017
111,147.1296498,0.174431981,521.9083391,,,0.00000112000000000000000,0.174431981,,0.00000112000000000000000,0.732893674
112,155.6618854,0.146537088,519.4797621,,,0.00000113000000000000000,0.146537088,,0.00000113000000000000000,1.824210955
113,143.5586932,0.154700856,521.7244273,,,0.00000114000000000000000,0.154700856,,0.00000114000000000000000,1.464088357
114,147.4667563,0.178762746,519.8435888,,,0.00000115000000000000000,0.178762746,,0.00000115000000000000000,0.594006704
115,139.8028794,0.151874358,518.2195982,,,0.00000116000000000000000,0.151874358,,0.00000116000000000000000,1.584389963
116,143.4670708,0.170147058,518.8978573,,,0.00000117000000000000000,0.170147058,,0.00000117000000000000000,0.877268815
117,141.5127497,0.162672765,519.957831,,,0.00000118000000000000000,0.162672765,,0.00000118000000000000000,1.147310513
118,136.5250764,0.137436399,519.3799479,,,0.00000119000000000000000,0.137436399,,0.00000119000000000000000,2.276092834
119,149.6225748,0.164533949,521.2427424,,,0.00000120000000000000000,0.164533949,,0.00000120000000000000000,1.077773036
120,146.1647725,0.137658656,519.5392114,,,0.00000121000000000000000,0.137658656,,0.00000121000000000000000,2.264345241
121,138.9834163,0.163100495,518.0287416,,,0.00000122000000000000000,0.163100495,,0.00000122000000000000000,1.131189249
122,139.6370065,0.1738069,519.6922495,,,0.00000123000000000000000,0.1738069,,0.00000123000000000000000,0.753511511
123,143.3191587,0.168809292,518.3192435,,,0.00000124000000000000000,0.168809292,,0.00000124000000000000000,0.923844508
124,142.9333617,0.165267274,518.1791957,,,0.00000125000000000000000,0.165267274,,0.00000125000000000000000,1.050804725
125,138.7748472,0.167344274,518.7595367,,,0.00000126000000000000000,0.167344274,,0.00000126000000000000000,0.975704898
126,135.8983565,0.162811064,518.1292735,,,0.00000127000000000000000,0.162811064,,0.00000127000000000000000,1.142088734
127,129.2397876,0.14409203,518.3710232,,,0.00000128000000000000000,0.14409203,,0.00000128000000000000000,1.940009126
128,132.0525849,0.139375511,519.7218759,,,0.00000129000000000000000,0.139375511,,0.00000129000000000000000,2.17486159
129,141.880365,0.141560129,517.894355,,,0.00000130000000000000000,0.141560129,,0.00000130000000000000000,2.064135979
130,139.6956757,0.179841042,520.416775,,,0.00000131000000000000000,0.179841042,,0.00000131000000000000000,0.560466008
131,119.9189378,0.09691731,518.123185,,,0.00000132000000000000000,0.09691731,,0.00000132000000000000000,5.318074247
132,133.2408818,0.158656123,519.4605987,,,0.00000133000000000000000,0.158656123,,0.00000133000000000000000,1.302939859
133,129.0271776,0.158484247,519.5077938,,,0.00000134000000000000000,0.158484247,,0.00000134000000000000000,1.309775399
134,134.7437047,0.153482052,518.4617693,,,0.00000135000000000000000,0.153482052,,0.00000135000000000000000,1.515419788
135,148.0510527,0.157937506,517.5340123,,,0.00000136000000000000000,0.157937506,,0.00000136000000000000000,1.331618271
136,131.4878028,0.171573722,518.4818421,,,0.00000137000000000000000,0.171573722,,0.00000137000000000000000,0.828398362
137,139.0330738,0.152020643,518.2479196,,,0.00000138000000000000000,0.152020643,,0.00000138000000000000000,1.578054012
138,135.5361031,0.173047938,521.6618351,,,0.00000139000000000000000,0.173047938,,0.00000139000000000000000,0.778745525
139,144.2583305,0.135604202,518.4880376,,,0.00000140000000000000000,0.135604202,,0.00000140000000000000000,2.374402745
140,118.9920035,0.117204213,519.2494355,,,0.00000141000000000000000,0.117204213,,0.00000141000000000000000,3.532116527
141,133.5262134,0.131569345,518.6850146,,,0.00000142000000000000000,0.131569345,,0.00000142000000000000000,2.600554649
142,141.1674545,0.141588263,517.5147462,,,0.00000143000000000000000,0.141588263,,0.00000143000000000000000,2.062732316
143,172.1872178,0.191647243,520.6276016,,,0.00000144000000000000000,0.191647243,,0.00000144000000000000000,0.217920096
144,138.9902917,0.120373832,518.4705221,,,0.00000145000000000000000,0.120373832,,0.00000145000000000000000,3.307453375
145,133.5988277,0.153364071,518.0755734,,,0.00000146000000000000000,0.153364071,,0.00000146000000000000000,1.520432017
146,124.8002954,0.170812595,517.4128494,,,0.00000147000000000000000,0.170812595,,0.00000147000000000000000,0.854369241
147,135.0341976,0.155910768,517.0202152,,,0.00000148000000000000000,0.155910768,,0.00000148000000000000000,1.413925167
148,132.1813866,0.164179668,519.8406135,,,0.00000149000000000000000,0.164179668,,0.00000149000000000000000,1.09088817
149,141.2415299,0.123791073,516.5601556,,,0.00000150000000000000000,0.123791073,,0.00000150000000000000000,3.078126921
150,125.4380564,0.18111856,516.5921087,,,0.00000151000000000000000,0.18111856,,0.00000151000000000000000,0.521245318
151,124.9021275,0.180361066,517.1673024,,,0.00000152000000000000000,0.180361066,,0.00000152000000000000000,0.544433847
152,125.5471652,0.178944707,517.6188241,,,0.00000153000000000000000,0.178944707,,0.00000153000000000000000,0.588318415
153,130.0138536,0.131948245,516.4094425,,,0.00000154000000000000000,0.131948245,,0.00000154000000000000000,2.578729072
154,124.8254201,0.167552714,516.6710375,,,0.00000155000000000000000,0.167552714,,0.00000155000000000000000,0.968270972
155,128.2717749,0.181113134,516.4844159,,,0.00000156000000000000000,0.181113134,,0.00000156000000000000000,0.521410715
156,124.2297796,0.174473681,516.9690492,,,0.00000156999999999999000,0.174473681,,0.00000156999999999999000,0.731523487
157,122.9346598,0.173592689,516.9847718,,,0.00000157999999999999000,0.173592689,,0.00000157999999999999000,0.760611254
158,131.1400412,0.167151186,516.0097955,,,0.00000158999999999999000,0.167151186,,0.00000158999999999999000,0.982607874
159,125.3146937,0.178660771,516.8937285,,,0.00000159999999999999000,0.178660771,,0.00000159999999999999000,0.597199627
160,130.3295355,0.137880532,515.7183727,,,0.00000160999999999999000,0.137880532,,0.00000160999999999999000,2.25265551
161,117.6326985,0.164115239,517.0587231,,,0.00000161999999999999000,0.164115239,,0.00000161999999999999000,1.093279377
162,155.6408912,0.165828509,516.3917273,,,0.00000162999999999999000,0.165828509,,0.00000162999999999999000,1.030326199
163,116.5496402,0.173125114,515.5692517,,,0.00000163999999999999000,0.173125114,,0.00000163999999999999000,0.776169492
164,118.9893595,0.182841052,515.9327709,,,0.00000164999999999999000,0.182841052,,0.00000164999999999999000,0.469231266
165,124.405092,0.164313153,515.4808862,,,0.00000165999999999999000,0.164313153,,0.00000165999999999999000,1.085940073
166,137.2992518,0.169774062,515.7327655,,,0.00000166999999999999000,0.169774062,,0.00000166999999999999000,0.890181259
167,119.2149379,0.178197138,515.6827688,,,0.00000167999999999999000,0.178197138,,0.00000167999999999999000,0.611762399
168,118.2065453,0.189686693,516.4667578,,,0.00000168999999999999000,0.189686693,,0.00000168999999999999000,0.2718511
169,111.6401982,0.154903706,516.35473,,,0.00000169999999999999000,0.154903706,,0.00000169999999999999000,1.455623481
170,122.773214,0.178590263,516.1404317,,,0.00000170999999999999000,0.178590263,,0.00000170999999999999000,0.599409428
171,115.4579699,0.177799799,515.5359023,,,0.00000171999999999999000,0.177799799,,0.00000171999999999999000,0.624303308
172,111.9588559,0.16514834,515.8530894,,,0.00000172999999999999000,0.16514834,,0.00000172999999999999000,1.055162281
173,116.3034521,0.112715459,514.2766275,,,0.00000173999999999999000,0.112715459,,0.00000173999999999999000,3.871897508
174,118.5457274,0.170263991,515.3778672,,,0.00000174999999999999000,0.170263991,,0.00000174999999999999000,0.873232464
175,115.3458522,0.182324688,515.2708514,,,0.00000175999999999999000,0.182324688,,0.00000175999999999999000,0.48472075
176,115.2109447,0.172955328,514.866357,,,0.00000176999999999999000,0.172955328,,0.00000176999999999999000,0.781839817
177,112.7670742,0.175363437,515.6846284,,,0.00000177999999999999000,0.175363437,,0.00000177999999999999000,0.702442967
178,100.2254303,0.07931525,515.0259045,,,0.00000178999999999999000,0.07931525,,0.00000178999999999999000,7.607915877
179,118.0640857,0.164195697,516.516876,,,0.00000179999999999999000,0.164195697,,0.00000179999999999999000,1.090293577
180,117.3711145,0.161323704,515.7079473,,,0.00000180999999999999000,0.161323704,,0.00000180999999999999000,1.198717097
181,112.696279,0.176238794,515.7525759,,,0.00000181999999999999000,0.176238794,,0.00000181999999999999000,0.674119622
182,111.67796,0.162149139,514.8795271,,,0.00000182999999999999000,0.162149139,,0.00000182999999999999000,1.167161933
183,112.6497687,0.181611293,515.3015186,,,0.00000183999999999999000,0.181611293,,0.00000183999999999999000,0.506265514
184,114.0122006,0.190848925,515.4247408,,,0.00000184999999999999000,0.190848925,,0.00000184999999999999000,0.239746567
185,114.4092596,0.186273721,515.2034342,,,0.00000185999999999999000,0.186273721,,0.00000185999999999999000,0.368443794
186,111.6719628,0.182207655,515.9822606,,,0.00000186999999999999000,0.182207655,,0.00000186999999999999000,0.488243627
187,114.2234713,0.176444063,514.7507049,,,0.00000187999999999999000,0.176444063,,0.00000187999999999999000,0.667518534
188,117.835887,0.168349822,515.0779538,,,0.00000188999999999999000,0.168349822,,0.00000188999999999999000,0.94001221
189,109.8753338,0.186273018,515.1137581,,,0.00000189999999999999000,0.186273018,,0.00000189999999999999000,0.368464056
190,109.1964108,0.157196516,514.8787138,,,0.00000190999999999999000,0.157196516,,0.00000190999999999999000,1.361464157
191,109.5136711,0.174293451,515.2965315,,,0.00000191999999999999000,0.174293451,,0.00000191999999999999000,0.737450229
192,107.1978625,0.168694181,514.5072591,,,0.00000192999999999999000,0.168694181,,0.00000192999999999999000,0.927886759
193,110.1660945,0.188163179,514.8189735,,,0.00000193999999999999000,0.188163179,,0.00000193999999999999000,0.314536065
194,110.0532463,0.176820478,514.8310997,,,0.00000194999999999999000,0.176820478,,0.00000194999999999999000,0.655453553
195,103.0183077,0.159512806,514.3505488,,,0.00000195999999999999000,0.159512806,,0.00000195999999999999000,1.26908913
196,103.1824055,0.160299409,515.1958516,,,0.00000196999999999999000,0.160299409,,0.00000196999999999999000,1.23832618
197,104.3376798,0.162934745,514.6183969,,,0.00000197999999999999000,0.162934745,,0.00000197999999999999000,1.137426376
198,114.425833,0.186186035,514.4742617,,,0.00000198999999999999000,0.186186035,,0.00000198999999999999000,0.370972108
199,108.6032633,0.180940969,514.4954896,,,0.00000199999999999999000,0.180940969,,0.00000199999999999999000,0.526664337
200,109.3799199,0.19212383,515.5038592,,,0.00000200999999999999000,0.19212383,,0.00000200999999999999000,0.204976386
201,104.9636127,0.190652552,514.9157229,,,0.00000201999999999999000,0.190652552,,0.00000201999999999999000,0.245143541
202,106.3321677,0.163379224,516.4431129,,,0.00000202999999999999000,0.163379224,,0.00000202999999999999000,1.120729282
203,99.50211161,0.151165992,514.3919467,,,0.00000203999999999999000,0.151165992,,0.00000203999999999999000,1.6152445
204,101.2265262,0.153324273,514.4995933,,,0.00000204999999999999000,0.153324273,,0.00000204999999999999000,1.522124517
205,106.6495335,0.161508096,513.9569513,,,0.00000205999999999999000,0.161508096,,0.00000205999999999999000,1.191640077
206,121.5587657,0.177472457,514.4524724,,,0.00000206999999999999000,0.177472457,,0.00000206999999999999000,0.634677168
207,138.4978543,0.133203154,514.1244419,,,0.00000207999999999999000,0.133203154,,0.00000207999999999999000,2.507329722
208,103.2477806,0.166977537,514.445824,,,0.00000208999999999999000,0.166977537,,0.00000208999999999999000,0.988829515
209,101.604647,0.163086674,514.6599679,,,0.00000209999999999999000,0.163086674,,0.00000209999999999999000,1.131708835
210,102.5829406,0.187866188,515.0026607,,,0.00000210999999999999000,0.187866188,,0.00000210999999999999000,0.322937631
211,117.9682487,0.182144684,514.3707568,,,0.00000211999999999999000,0.182144684,,0.00000211999999999999000,0.49014102
212,129.4899848,0.178459064,514.3091835,,,0.00000212999999999999000,0.178459064,,0.00000212999999999999000,0.603525959
213,107.0424142,0.191450765,514.421679,,,0.00000213999999999999000,0.191450765,,0.00000213999999999999000,0.223275033
214,99.01164292,0.163878569,514.3614069,,,0.00000214999999999999000,0.163878569,,0.00000214999999999999000,1.102079157
215,99.61311855,0.180880184,514.971709,,,0.00000215999999999999000,0.180880184,,0.00000215999999999999000,0.528521591
216,97.81147098,0.176030591,514.2314645,,,0.00000216999999999999000,0.176030591,,0.00000216999999999999000,0.680830787
217,105.6896301,0.194842187,514.260421,,,0.00000217999999999999000,0.194842187,,0.00000217999999999999000,0.13235872
218,106.6364917,0.186893593,515.1395488,,,0.00000218999999999999000,0.186893593,,0.00000218999999999999000,0.350638214
219,100.7366975,0.198166315,516.816341,,,0.00000219999999999999000,0.198166315,,0.00000219999999999999000,0.046266322
220,103.6348256,0.189514306,514.1196478,,,0.00000220999999999999000,0.189514306,,0.00000220999999999999000,0.276646506
221,104.9931777,0.179211277,515.5634165,,,0.00000221999999999999000,0.179211277,,0.00000221999999999999000,0.580006007
222,109.3711,0.164224751,514.3163243,,,0.00000222999999999999000,0.164224751,,0.00000222999999999999000,1.089216123
223,117.9967519,0.186354155,515.5604509,,,0.00000223999999999999000,0.186354155,,0.00000223999999999999000,0.366126651
224,103.3296997,0.16267348,514.2041803,,,0.00000224999999999999000,0.16267348,,0.00000224999999999999000,1.14728352
225,102.0780917,0.190626276,514.295301,,,0.00000225999999999999000,0.190626276,,0.00000225999999999999000,0.24586653
226,96.59386127,0.184342175,515.0472551,,,0.00000226999999999999000,0.184342175,,0.00000226999999999999000,0.42469459
227,93.89044859,0.170531749,514.0366203,,,0.00000227999999999999000,0.170531749,,0.00000227999999999999000,0.864010696
228,99.36155069,0.183104006,514.5463991,,,0.00000228999999999999000,0.183104006,,0.00000228999999999999000,0.46137696
229,109.7928538,0.155248534,514.4356698,,,0.00000229999999999999000,0.155248534,,0.00000229999999999999000,1.441284639
230,91.70386788,0.158727746,513.9124661,,,0.00000230999999999999000,0.158727746,,0.00000230999999999999000,1.300095782
231,92.43844754,0.143996975,513.9388104,,,0.00000231999999999999000,0.143996975,,0.00000231999999999999000,1.94459033
232,97.25215566,0.185432267,513.5063853,,,0.00000232999999999999000,0.185432267,,0.00000232999999999999000,0.392804708
233,108.5453785,0.152589569,514.4394907,,,0.00000233999999999999000,0.152589569,,0.00000233999999999999000,1.553527927
234,101.8825573,0.164600776,514.2771585,,,0.00000234999999999999000,0.164600776,,0.00000234999999999999000,1.075305516
235,98.00701426,0.1854726,513.442702,,,0.00000235999999999999000,0.1854726,,0.00000235999999999999000,0.391631985
236,95.99979847,0.184848428,513.3473965,,,0.00000236999999999999000,0.184848428,,0.00000236999999999999000,0.409837743
237,95.72131099,0.186483878,513.6793766,,,0.00000237999999999999000,0.186483878,,0.00000237999999999999000,0.362393844
238,96.8389633,0.193743479,513.3593069,,,0.00000238999999999999000,0.193743479,,0.00000238999999999999000,0.161464045
239,95.25317664,0.182984257,513.594455,,,0.00000239999999999999000,0.182984257,,0.00000239999999999999000,0.464951011
240,94.31620753,0.185558569,513.3060837,,,0.00000240999999999999000,0.185558569,,0.00000240999999999999000,0.389134045
241,93.58457386,0.189794583,513.6080106,,,0.00000241999999999999000,0.189794583,,0.00000241999999999999000,0.268854263
242,94.37248087,0.189832398,513.6768275,,,0.00000242999999999999000,0.189832398,,0.00000242999999999999000,0.267804721
243,93.79283548,0.181271516,512.9960193,,,0.00000243999999999999000,0.181271516,,0.00000243999999999999000,0.516586522
244,91.7255841,0.183702549,513.5456832,,,0.00000244999999999999000,0.183702549,,0.00000244999999999999000,0.443582589
245,93.82483873,0.195873106,513.2087723,,,0.00000245999999999999000,0.195873106,,0.00000245999999999999000,0.105346122
246,93.49473858,0.188499673,513.2019784,,,0.00000246999999999999000,0.188499673,,0.00000246999999999999000,0.305048999
247,92.84947434,0.186501705,513.1356706,,,0.00000247999999999999000,0.186501705,,0.00000247999999999999000,0.361881283
248,89.85367137,0.171150112,513.1609935,,,0.00000248999999999999000,0.171150112,,0.00000248999999999999000,0.842824117
249,92.4432367,0.189430684,513.0890837,,,0.00000249999999999999000,0.189430684,,0.00000249999999999999000,0.278975809
250,91.48957667,0.185314313,513.0471296,,,0.00000250999999999999000,0.185314313,,0.00000250999999999999000,0.396237247
251,95.9949972,0.205622968,514.0976313,,,0.00000251999999999999000,0.205622968,,0.00000251999999999999000,-0.136730046
252,89.60381821,0.183361046,513.3940823,,,0.00000252999999999999000,0.183361046,,0.00000252999999999999000,0.453721067
253,91.79811855,0.186351152,513.359055,,,0.00000253999999999999000,0.186351152,,0.00000253999999999999000,0.366213138
254,94.91976864,0.198391537,513.2873531,,,0.00000254999999999999000,0.198391537,,0.00000254999999999999000,0.040537585
255,90.03142839,0.187452073,513.2674861,,,0.00000255999999999999000,0.187452073,,0.00000255999999999999000,0.334696952
256,91.10779402,0.168892438,513.3354731,,,0.00000256999999999999000,0.168892438,,0.00000256999999999999000,0.920928199
257,88.44244015,0.166004352,513.1806367,,,0.00000257999999999999000,0.166004352,,0.00000257999999999999000,1.023938448
258,87.62186561,0.155752557,512.4452894,,,0.00000258999999999999000,0.155752557,,0.00000258999999999999000,1.420440359
259,86.44914757,0.154241282,512.7534375,,,0.00000259999999999999000,0.154241282,,0.00000259999999999999000,1.483348606
260,92.17243595,0.152075685,513.405076,,,0.00000260999999999999000,0.152075685,,0.00000260999999999999000,1.57567318
261,92.5939405,0.191531548,513.8601452,,,0.00000261999999999999000,0.191531548,,0.00000261999999999999000,0.22107198
262,92.17206172,0.19244027,513.1094751,,,0.00000262999999999998000,0.19244027,,0.00000262999999999998000,0.196417565
263,105.0859036,0.181771701,512.6950695,,,0.00000263999999999998000,0.181771701,,0.00000263999999999998000,0.501406397
264,113.0800234,0.194101887,514.8116012,,,0.00000264999999999998000,0.194101887,,0.00000264999999999998000,0.151933422
265,90.57986268,0.152642734,513.4581756,,,0.00000265999999999998000,0.152642734,,0.00000265999999999998000,1.551245328
266,91.16851778,0.209172933,513.3679313,,,0.00000266999999999998000,0.209172933,,0.00000266999999999998000,-0.219266731
267,87.65427645,0.188121787,513.0838635,,,0.00000267999999999998000,0.188121787,,0.00000267999999999998000,0.315705395
268,82.70601533,0.166424235,513.6265402,,,0.00000268999999999998000,0.166424235,,0.00000268999999999998000,1.008740238
269,83.14225306,0.17413549,512.7488839,,,0.00000269999999999998000,0.17413549,,0.00000269999999999998000,0.742654742
270,84.71201383,0.180975853,512.9591478,,,0.00000270999999999998000,0.180975853,,0.00000270999999999998000,0.525599057
271,86.46744415,0.186279348,512.9077807,,,0.00000271999999999998000,0.186279348,,0.00000271999999999998000,0.368281632
272,86.1804251,0.193913865,513.3896703,,,0.00000272999999999998000,0.193913865,,0.00000272999999999998000,0.156928815
273,89.26770985,0.180895994,512.7965629,,,0.00000273999999999998000,0.180895994,,0.00000273999999999998000,0.528038381
274,87.7526566,0.182109219,512.8398699,,,0.00000274999999999998000,0.182109219,,0.00000274999999999998000,0.491210205
275,85.61014942,0.186286255,512.814009,,,0.00000275999999999998000,0.186286255,,0.00000275999999999998000,0.368082584
276,86.45892999,0.187064383,512.8217919,,,0.00000276999999999998000,0.187064383,,0.00000276999999999998000,0.345753058
277,86.74826227,0.200822068,513.1358058,,,0.00000277999999999998000,0.200822068,,0.00000277999999999998000,-0.020467578
278,85.44024918,0.193984138,512.6415527,,,0.00000278999999999998000,0.193984138,,0.00000278999999999998000,0.155060663
279,84.88499747,0.179985981,512.0857548,,,0.00000279999999999998000,0.179985981,,0.00000279999999999998000,0.555988266
280,84.94362841,0.191979477,512.7199892,,,0.00000280999999999998000,0.191979477,,0.00000280999999999998000,0.208890115
281,85.66914199,0.198381948,512.4864167,,,0.00000281999999999998000,0.198381948,,0.00000281999999999998000,0.040781228
282,84.19866507,0.195958371,512.4846499,,,0.00000282999999999998000,0.195958371,,0.00000282999999999998000,0.103124689
283,85.85821964,0.196798313,512.1737898,,,0.00000283999999999998000,0.196798313,,0.00000283999999999998000,0.081344372
284,82.80804544,0.184870254,512.6007814,,,0.00000284999999999998000,0.184870254,,0.00000284999999999998000,0.409199031
285,83.92796576,0.188384062,512.2863275,,,0.00000285999999999998000,0.188384062,,0.00000285999999999998000,0.308304703
286,82.65942701,0.191249825,513.0829022,,,0.00000286999999999998000,0.191249825,,0.00000286999999999998000,0.228762944
287,85.16731009,0.172003569,512.9206127,,,0.00000287999999999998000,0.172003569,,0.00000287999999999998000,0.813832852
288,82.70943178,0.18664839,512.7832506,,,0.00000288999999999998000,0.18664839,,0.00000288999999999998000,0.357667426
289,81.34414844,0.193050954,512.4761824,,,0.00000289999999999998000,0.193050954,,0.00000289999999999998000,0.179979586
290,82.17417009,0.196730334,512.5331951,,,0.00000290999999999998000,0.196730334,,0.00000290999999999998000,0.0831002
291,82.54547565,0.199190128,512.467821,,,0.00000291999999999998000,0.199190128,,0.00000291999999999998000,0.020329116
292,83.26075122,0.200525377,512.7995886,,,0.00000292999999999998000,0.200525377,,0.00000292999999999998000,-0.013100013
293,78.23735588,0.180966732,512.1071857,,,0.00000293999999999998000,0.180966732,,0.00000293999999999998000,0.525877551
294,80.19195771,0.191218371,512.455825,,,0.00000294999999999998000,0.191218371,,0.00000294999999999998000,0.229623055
295,81.43221826,0.193126697,512.5499685,,,0.00000295999999999998000,0.193126697,,0.00000295999999999998000,0.177948041
296,84.54974482,0.185465228,512.8953616,,,0.00000296999999999998000,0.185465228,,0.00000296999999999998000,0.391846283
297,80.1282366,0.204368411,512.6043919,,,0.00000297999999999998000,0.204368411,,0.00000297999999999998000,-0.106875885
298,82.70537508,0.150603314,512.3476439,,,0.00000298999999999998000,0.150603314,,0.00000298999999999998000,1.639960121
299,82.72876142,0.184633571,512.0665788,,,0.00000299999999999998000,0.184633571,,0.00000299999999999998000,0.416133118
300,86.23210221,0.197564981,511.8881453,,,0.00000300999999999998000,0.197564981,,0.00000300999999999998000,0.06162578
301,76.53146094,0.17899133,512.3148339,,,0.00000301999999999998000,0.17899133,,0.00000301999999999998000,0.586862768
302,82.85977161,0.203377917,512.1376816,,,0.00000302999999999998000,0.203377917,,0.00000302999999999998000,-0.083045326
303,79.5519086,0.180422155,511.9553714,,,0.00000303999999999998000,0.180422155,,0.00000303999999999998000,0.542556556
304,78.07155039,0.198829124,512.8538401,,,0.00000304999999999998000,0.198829124,,0.00000304999999999998000,0.02944428
305,79.7012747,0.208440687,512.7440214,,,0.00000305999999999998000,0.208440687,,0.00000305999999999998000,-0.202472152
306,79.21852323,0.162561845,512.1977212,,,0.00000306999999999998000,0.162561845,,0.00000306999999999998000,1.151505
307,77.72939874,0.182621975,512.6225407,,,0.00000307999999999998000,0.182621975,,0.00000307999999999998000,0.475792262
308,77.52021077,0.167684458,512.5203502,,,0.00000308999999999998000,0.167684458,,0.00000308999999999998000,0.963581897
309,81.50429254,0.202511288,512.5154617,,,0.00000309999999999998000,0.202511288,,0.00000309999999999998000,-0.062003655
310,69.91910105,0.131508803,512.3697525,,,0.00000310999999999998000,0.131508803,,0.00000310999999999998000,2.604053697
311,81.98089656,0.184043031,512.1939378,,,0.00000311999999999998000,0.184043031,,0.00000311999999999998000,0.433511897
312,82.91594733,0.175763823,512.2361536,,,0.00000312999999999998000,0.175763823,,0.00000312999999999998000,0.689452937
313,70.10742171,0.130811785,512.4613212,,,0.00000313999999999998000,0.130811785,,0.00000313999999999998000,2.644571166
314,68.47286901,0.128034083,511.7094334,,,0.00000314999999999998000,0.128034083,,0.00000314999999999998000,2.810420304
315,77.15392886,0.190038645,512.1099045,,,0.00000315999999999998000,0.190038645,,0.00000315999999999998000,0.262087606
316,79.9360709,0.185157046,513.58889,,,0.00000316999999999998000,0.185157046,,0.00000316999999999998000,0.400820652
317,82.95622668,0.192243887,512.6064217,,,0.00000317999999999998000,0.192243887,,0.00000317999999999998000,0.201725858
318,77.40317859,0.183196995,512.3412407,,,0.00000318999999999998000,0.183196995,,0.00000318999999999998000,0.458604815
319,75.6896408,0.191435093,512.1276597,,,0.00000319999999999998000,0.191435093,,0.00000319999999999998000,0.22370264
320,75.64433327,0.199558139,512.6193842,,,0.00000320999999999998000,0.199558139,,0.00000320999999999998000,0.011070977
321,75.1416129,0.17358897,511.6979508,,,0.00000321999999999998000,0.17358897,,0.00000321999999999998000,0.760734681
322,76.62140865,0.179129251,512.4709013,,,0.00000322999999999998000,0.179129251,,0.00000322999999999998000,0.582561176
323,91.52938572,0.180707237,512.4743583,,,0.00000323999999999998000,0.180707237,,0.00000323999999999998000,0.533812698
324,71.76889593,0.159777414,511.8976397,,,0.00000324999999999998000,0.159777414,,0.00000324999999999998000,1.258706866
325,78.85951202,0.214886354,513.396592,,,0.00000325999999999998000,0.214886354,,0.00000325999999999998000,-0.346377362
326,77.00463074,0.188061421,511.7349973,,,0.00000326999999999998000,0.188061421,,0.00000326999999999998000,0.317411704
327,81.01571201,0.20630562,513.0732667,,,0.00000327999999999998000,0.20630562,,0.00000327999999999998000,-0.152822305
328,84.16393103,0.14725866,511.9507565,,,0.00000328999999999998000,0.14725866,,0.00000328999999999998000,1.790772124
329,70.57950213,0.162267677,511.9277671,,,0.00000329999999999998000,0.162267677,,0.00000329999999999998000,1.16265679
330,80.05842008,0.193459669,511.7620442,,,0.00000330999999999998000,0.193459669,,0.00000330999999999998000,0.169036028
331,78.03999607,0.201618105,512.387397,,,0.00000331999999999998000,0.201618105,,0.00000331999999999998000,-0.040127973
332,75.58706591,0.194844024,512.0204426,,,0.00000332999999999998000,0.194844024,,0.00000332999999999998000,0.132310339
333,74.03640029,0.199063333,512.6119927,,,0.00000333999999999998000,0.199063333,,0.00000333999999999998000,0.023526866
334,88.0502232,0.178416512,511.9018231,,,0.00000334999999999998000,0.178416512,,0.00000334999999999998000,0.604862416
335,79.84835578,0.208920168,512.5263218,,,0.00000335999999999998000,0.208920168,,0.00000335999999999998000,-0.213482685
336,75.21088793,0.192683952,512.1356419,,,0.00000336999999999998000,0.192683952,,0.00000336999999999998000,0.189845793
337,75.80690856,0.190085175,511.677224,,,0.00000337999999999998000,0.190085175,,0.00000337999999999998000,0.260799531
338,71.64858588,0.170562789,512.0501151,,,0.00000338999999999998000,0.170562789,,0.00000338999999999998000,0.862943535
339,70.64519706,0.18189196,512.365973,,,0.00000339999999999998000,0.18189196,,0.00000339999999999998000,0.497769101
340,74.97411837,0.186202654,511.8301699,,,0.00000340999999999998000,0.186202654,,0.00000340999999999998000,0.370492719
341,72.50077525,0.18774762,511.7607866,,,0.00000341999999999998000,0.18774762,,0.00000341999999999998000,0.326299209
342,70.80792752,0.172395996,512.072145,,,0.00000342999999999998000,0.172395996,,0.00000342999999999998000,0.800598746
343,71.2006559,0.186764202,512.9207302,,,0.00000343999999999998000,0.186764202,,0.00000343999999999998000,0.354345159
344,95.8272998,0.180736635,512.2297737,,,0.00000344999999999998000,0.180736635,,0.00000344999999999998000,0.532912581
345,69.28167363,0.160488334,511.6259136,,,0.00000345999999999998000,0.160488334,,0.00000345999999999998000,1.230982495
346,73.50481766,0.169522233,511.4166931,,,0.00000346999999999998000,0.169522233,,0.00000346999999999998000,0.898931275
347,71.92166016,0.192858433,511.753377,,,0.00000347999999999998000,0.192858433,,0.00000347999999999998000,0.185150488
348,70.65400012,0.146458337,511.6887775,,,0.00000348999999999998000,0.146458337,,0.00000348999999999998000,1.827880329
349,72.02290269,0.186045333,511.9653695,,,0.00000349999999999998000,0.186045333,,0.00000349999999999998000,0.37503406
350,72.21377392,0.192773802,512.8125157,,,0.00000350999999999998000,0.192773802,,0.00000350999999999998000,0.187426856
351,66.47338633,0.165175866,511.8546005,,,0.00000351999999999998000,0.165175866,,0.00000351999999999998000,1.054153212
352,71.04770098,0.182717781,511.5813009,,,0.00000352999999999998000,0.182717781,,0.00000352999999999998000,0.472921106
353,67.50603565,0.174589419,511.680728,,,0.00000353999999999998000,0.174589419,,0.00000353999999999998000,0.727723956
354,70.37694729,0.184347165,511.9459656,,,0.00000354999999999998000,0.184347165,,0.00000354999999999998000,0.424547743
355,64.56507555,0.141079726,511.744863,,,0.00000355999999999998000,0.141079726,,0.00000355999999999998000,2.088190665
356,78.33967368,0.182668005,511.7122009,,,0.00000356999999999998000,0.182668005,,0.00000356999999999998000,0.474412459
357,68.67021753,0.180458247,511.7519823,,,0.00000357999999999998000,0.180458247,,0.00000357999999999998000,0.541448035
358,115.3325348,0.20187378,513.9185373,,,0.00000358999999999998000,0.20187378,,0.00000358999999999998000,-0.046409697
359,73.53361847,0.184745646,511.8492558,,,0.00000359999999999998000,0.184745646,,0.00000359999999999998000,0.412847448
360,67.65213982,0.175298731,511.4577381,,,0.00000360999999999998000,0.175298731,,0.00000360999999999998000,0.70454786
361,70.79096066,0.187884067,511.2542395,,,0.00000361999999999998000,0.187884067,,0.00000361999999999998000,0.322431103
362,67.65420576,0.161377847,511.2943865,,,0.00000362999999999998000,0.161377847,,0.00000362999999999998000,1.196637395
363,68.25407889,0.183547544,511.5643265,,,0.00000363999999999998000,0.183547544,,0.00000363999999999998000,0.448179692
364,64.36289826,0.156010678,511.2957263,,,0.00000364999999999998000,0.156010678,,0.00000364999999999998000,1.409817682
365,67.94154367,0.181515,511.4624273,,,0.00000365999999999998000,0.181515,,0.00000365999999999998000,0.509186558
366,69.86593583,0.18860215,511.4276574,,,0.00000366999999999998000,0.18860215,,0.00000366999999999998000,0.302166492
367,68.34348809,0.181495137,511.2041898,,,0.00000367999999999997000,0.181495137,,0.00000367999999999997000,0.509789503
368,74.90691983,0.189454945,511.4403885,,,0.00000368999999999997000,0.189454945,,0.00000368999999999997000,0.278299816
369,78.64601424,0.152015753,511.2879603,,,0.00000369999999999997000,0.152015753,,0.00000369999999999997000,1.578265601
370,61.32420748,0.135163824,511.0792591,,,0.00000370999999999997000,0.135163824,,0.00000370999999999997000,2.39842932
371,64.79991444,0.153698949,511.5835419,,,0.00000371999999999997000,0.153698949,,0.00000371999999999997000,1.506225373
372,66.64759635,0.168025968,511.2782181,,,0.00000372999999999997000,0.168025968,,0.00000372999999999997000,0.951461029
373,67.07001047,0.18481719,511.5485583,,,0.00000373999999999997000,0.18481719,,0.00000373999999999997000,0.410752104
374,67.07965957,0.185175261,511.4872183,,,0.00000374999999999997000,0.185175261,,0.00000374999999999997000,0.400289411
375,67.62831929,0.181007471,511.3146898,,,0.00000375999999999997000,0.181007471,,0.00000375999999999997000,0.524633843
376,67.42907162,0.182810675,511.3075917,,,0.00000376999999999997000,0.182810675,,0.00000376999999999997000,0.470140071
377,67.79164737,0.189613913,511.5658985,,,0.00000377999999999997000,0.189613913,,0.00000377999999999997000,0.273874605
378,65.11826349,0.129061024,511.5305205,,,0.00000378999999999997000,0.129061024,,0.00000378999999999997000,2.748272643
379,63.97715626,0.156127205,511.6126257,,,0.00000379999999999997000,0.156127205,,0.00000379999999999997000,1.405033619
380,84.46579256,0.19060724,511.6009725,,,0.00000380999999999997000,0.19060724,,0.00000380999999999997000,0.246390438
381,66.4670179,0.144594103,511.9519474,,,0.00000381999999999997000,0.144594103,,0.00000381999999999997000,1.915911353
382,71.72040804,0.171093104,511.5170917,,,0.00000382999999999997000,0.171093104,,0.00000382999999999997000,0.844770937
383,85.26765731,0.181341945,511.4671296,,,0.00000383999999999997000,0.181341945,,0.00000383999999999997000,0.514443984
384,71.40054901,0.185771487,511.2853173,,,0.00000384999999999997000,0.185771487,,0.00000384999999999997000,0.382957385
385,77.9629158,0.184552558,511.8368512,,,0.00000385999999999997000,0.184552558,,0.00000385999999999997000,0.418510656
386,72.37646435,0.178503183,511.2358542,,,0.00000386999999999997000,0.178503183,,0.00000386999999999997000,0.602141001
387,66.91413573,0.176784488,511.4254642,,,0.00000387999999999997000,0.176784488,,0.00000387999999999997000,0.656604905
388,67.49028914,0.17182133,512.3585552,,,0.00000388999999999997000,0.17182133,,0.00000388999999999997000,0.819999169
389,67.23894197,0.166747155,511.775605,,,0.00000389999999999997000,0.166747155,,0.00000389999999999997000,0.997103833
390,75.74863374,0.17018524,511.3489749,,,0.00000390999999999997000,0.17018524,,0.00000390999999999997000,0.87595022
391,69.5581028,0.183886353,511.4220403,,,0.00000391999999999997000,0.183886353,,0.00000391999999999997000,0.438141456
392,74.411156,0.188563418,511.3859161,,,0.00000392999999999997000,0.188563418,,0.00000392999999999997000,0.303255583
393,64.34989673,0.162751623,511.4977465,,,0.00000393999999999997000,0.162751623,,0.00000393999999999997000,1.144331982
394,62.34911921,0.164145276,511.0448436,,,0.00000394999999999997000,0.164145276,,0.00000394999999999997000,1.092164342
395,60.62554869,0.154405794,511.1618461,,,0.00000395999999999997000,0.154405794,,0.00000395999999999997000,1.476440893
396,67.07399111,0.169400526,511.1817322,,,0.00000396999999999997000,0.169400526,,0.00000396999999999997000,0.903169385
397,65.48813399,0.175693877,510.9924287,,,0.00000397999999999997000,0.175693877,,0.00000397999999999997000,0.691717999
398,60.38019022,0.152242389,511.556261,,,0.00000398999999999997000,0.152242389,,0.00000398999999999997000,1.568472866
399,66.74045019,0.163638442,511.5954999,,,0.00000399999999999997000,0.163638442,,0.00000399999999999997000,1.111033498
400,62.953913,0.18168745,511.0299542,,,0.00000400999999999997000,0.18168745,,0.00000400999999999997000,0.503957481
401,68.9311483,0.184466159,511.3764779,,,0.00000401999999999997000,0.184466159,,0.00000401999999999997000,0.421048532
402,60.51406725,0.161688055,510.9391551,,,0.00000402999999999997000,0.161688055,,0.00000402999999999997000,1.184748786
403,67.53236763,0.19855666,510.9074525,,,0.00000403999999999997000,0.19855666,,0.00000403999999999997000,0.036345798
404,63.33507621,0.195077633,511.5335875,,,0.00000404999999999997000,0.195077633,,0.00000404999999999997000,0.126164312
405,64.0469998,0.191812155,511.0145207,,,0.00000405999999999997000,0.191812155,,0.00000405999999999997000,0.213433933
406,64.37117156,0.197314326,511.1342272,,,0.00000406999999999997000,0.197314326,,0.00000406999999999997000,0.068055723
407,73.5035933,0.2251431,513.0298068,,,0.00000407999999999997000,0.2251431,,0.00000407999999999997000,-0.558380423
408,62.7604653,0.192107406,511.4212934,,,0.00000408999999999997000,0.192107406,,0.00000408999999999997000,0.205421397
409,54.98742749,0.145785621,511.4382645,,,0.00000409999999999997000,0.145785621,,0.00000409999999999997000,1.859387026
410,57.76178024,0.156593217,511.0483497,,,0.00000410999999999997000,0.156593217,,0.00000410999999999997000,1.385972639
411,64.34139607,0.195920311,511.2619996,,,0.00000411999999999997000,0.195920311,,0.00000411999999999997000,0.104116034
412,65.72270436,0.198843056,511.1785908,,,0.00000412999999999997000,0.198843056,,0.00000412999999999997000,0.029091882
413,65.10680361,0.199972273,510.9646799,,,0.00000413999999999997000,0.199972273,,0.00000413999999999997000,0.000693259
414,70.86957736,0.190745935,510.8032216,,,0.00000414999999999997000,0.190745935,,0.00000414999999999997000,0.242575688
415,62.1842112,0.190044151,510.7756933,,,0.00000415999999999997000,0.190044151,,0.00000415999999999997000,0.261935164
416,64.64048917,0.20150415,510.8130596,,,0.00000416999999999997000,0.20150415,,0.00000416999999999997000,-0.037323057
417,69.8618162,0.194562586,511.1280051,,,0.00000417999999999997000,0.194562586,,0.00000417999999999997000,0.139734322
418,62.52227894,0.194638862,511.2724147,,,0.00000418999999999997000,0.194638862,,0.00000418999999999997000,0.137720142
419,65.71285493,0.193255301,512.4810314,,,0.00000419999999999997000,0.193255301,,0.00000419999999999997000,0.174502312
420,64.13905361,0.185499357,510.8596617,,,0.00000420999999999997000,0.185499357,,0.00000420999999999997000,0.390854271
421,61.88683519,0.199773628,511.185188,,,0.00000421999999999997000,0.199773628,,0.00000421999999999997000,0.005665702
422,61.19005913,0.194386502,511.0538277,,,0.00000422999999999997000,0.194386502,,0.00000422999999999997000,0.144390117
423,61.75772826,0.193649848,510.6965927,,,0.00000423999999999997000,0.193649848,,0.00000423999999999997000,0.163959649
424,68.19585756,0.186092881,510.6893872,,,0.00000424999999999997000,0.186092881,,0.00000424999999999997000,0.373660687
425,70.35469042,0.205016197,511.3659913,,,0.00000425999999999997000,0.205016197,,0.00000425999999999997000,-0.12233661
426,63.01951601,0.19982167,511.2101479,,,0.00000426999999999997000,0.19982167,,0.00000426999999999997000,0.004462217
427,63.46669347,0.204486314,510.6838204,,,0.00000427999999999997000,0.204486314,,0.00000427999999999997000,-0.109697177
428,63.22095162,0.198836783,510.9625331,,,0.00000428999999999997000,0.198836783,,0.00000428999999999997000,0.029250538
429,54.63887093,0.133962532,510.6571545,,,0.00000429999999999997000,0.133962532,,0.00000429999999999997000,2.464773791
430,61.11198949,0.186734821,510.4908023,,,0.00000430999999999997000,0.186734821,,0.00000430999999999997000,0.355187612
431,59.70492764,0.19413895,510.8694873,,,0.00000431999999999997000,0.19413895,,0.00000431999999999997000,0.150949876
432,60.84385495,0.187467545,510.4653943,,,0.00000432999999999997000,0.187467545,,0.00000432999999999997000,0.334256665
433,61.28288689,0.195123188,510.9331941,,,0.00000433999999999997000,0.195123188,,0.00000433999999999997000,0.124967522
434,61.69012622,0.193848583,510.6257941,,,0.00000434999999999997000,0.193848583,,0.00000434999999999997000,0.158665507
435,59.94305969,0.191441414,510.8573422,,,0.00000435999999999997000,0.191441414,,0.00000435999999999997000,0.223530172
436,59.46723611,0.185626748,510.6482571,,,0.00000436999999999997000,0.185626748,,0.00000436999999999997000,0.387154648
437,60.07463754,0.191137136,510.5613166,,,0.00000437999999999997000,0.191137136,,0.00000437999999999997000,0.231845678
438,59.61330746,0.185157568,510.5707266,,,0.00000438999999999997000,0.185157568,,0.00000438999999999997000,0.400805447
439,59.06421892,0.187564102,510.6336615,,,0.00000439999999999997000,0.187564102,,0.00000439999999999997000,0.331510603
440,61.80415289,0.198633942,510.7709642,,,0.00000440999999999997000,0.198633942,,0.00000440999999999997000,0.034386326
441,61.89091132,0.204359345,510.8367451,,,0.00000441999999999997000,0.204359345,,0.00000441999999999997000,-0.10665881
442,61.12825828,0.200243437,511.1262414,,,0.00000442999999999997000,0.200243437,,0.00000442999999999997000,-0.006078539
443,58.46656132,0.188046631,510.8103333,,,0.00000443999999999997000,0.188046631,,0.00000443999999999997000,0.317829916
444,66.00542356,0.19353365,511.4825112,,,0.00000444999999999997000,0.19353365,,0.00000444999999999997000,0.167060106
445,73.07935619,0.18843749,511.1518556,,,0.00000445999999999997000,0.18843749,,0.00000445999999999997000,0.306799621
446,60.03716476,0.175984365,511.1077991,,,0.00000446999999999997000,0.175984365,,0.00000446999999999997000,0.682322988
447,63.04064825,0.177304539,511.0383666,,,0.00000447999999999997000,0.177304539,,0.00000447999999999997000,0.640013549
448,58.51418365,0.188873203,510.9851064,,,0.00000448999999999997000,0.188873203,,0.00000448999999999997000,0.294557326
449,58.03924197,0.151436309,511.0493435,,,0.00000449999999999997000,0.151436309,,0.00000449999999999997000,1.603436166
450,73.2510475,0.14473202,510.4010216,,,0.00000450999999999997000,0.14473202,,0.00000450999999999997000,1.909321094
451,58.67251786,0.191578087,510.545192,,,0.00000451999999999997000,0.191578087,,0.00000451999999999997000,0.219803649
452,59.52812348,0.19743037,510.663557,,,0.00000452999999999997000,0.19743037,,0.00000452999999999997000,0.065076869
453,59.60813966,0.175954213,510.740002,,,0.00000453999999999997000,0.175954213,,0.00000453999999999997000,0.683296715
454,58.47399515,0.200605924,511.2279086,,,0.00000454999999999997000,0.200605924,,0.00000454999999999997000,-0.015102345
455,56.4001076,0.145887061,510.7989709,,,0.00000455999999999997000,0.145887061,,0.00000455999999999997000,1.854617503
456,58.33816331,0.18978565,510.8570393,,,0.00000456999999999997000,0.18978565,,0.00000456999999999997000,0.269102262
457,63.06068149,0.19417258,510.7804284,,,0.00000457999999999997000,0.19417258,,0.00000457999999999997000,0.150057736
458,61.77984195,0.129210679,510.5746058,,,0.00000458999999999997000,0.129210679,,0.00000458999999999997000,2.739298406
459,52.16884701,0.158149193,510.7864135,,,0.00000459999999999997000,0.158149193,,0.00000459999999999997000,1.323143226
460,58.21583441,0.203977397,510.6036997,,,0.00000460999999999997000,0.203977397,,0.00000460999999999997000,-0.097496026
461,58.11043111,0.192144758,510.5992318,,,0.00000461999999999997000,0.192144758,,0.00000461999999999997000,0.204409484
462,57.60667382,0.190775957,510.5986103,,,0.00000462999999999997000,0.190775957,,0.00000462999999999997000,0.241750659
463,58.64255246,0.191216646,511.484924,,,0.00000463999999999997000,0.191216646,,0.00000463999999999997000,0.229670231
464,55.78652243,0.144379064,510.4747971,,,0.00000464999999999997000,0.144379064,,0.00000464999999999997000,1.926211968
465,58.16280394,0.186478344,510.5364684,,,0.00000465999999999997000,0.186478344,,0.00000465999999999997000,0.362552997
466,57.31810138,0.181025951,510.7762617,,,0.00000466999999999997000,0.181025951,,0.00000466999999999997000,0.524069871
467,58.46990791,0.177965152,510.5013655,,,0.00000467999999999997000,0.177965152,,0.00000467999999999997000,0.619077608
468,56.04383813,0.188655234,510.6252736,,,0.00000468999999999997000,0.188655234,,0.00000468999999999997000,0.300674553
469,56.47298125,0.17218127,510.773705,,,0.00000469999999999997000,0.17218127,,0.00000469999999999997000,0.807832639
470,56.84675767,0.19339595,510.6488008,,,0.00000470999999999997000,0.19339595,,0.00000470999999999997000,0.170739102
471,54.71827092,0.182265027,510.4048209,,,0.00000471999999999996000,0.182265027,,0.00000471999999999996000,0.486516078
472,56.65634649,0.193273094,510.7285408,,,0.00000472999999999996000,0.193273094,,0.00000472999999999996000,0.174025942
473,54.2587615,0.180133799,510.4350231,,,0.00000473999999999996000,0.180133799,,0.00000473999999999996000,0.551429034
474,55.32833955,0.191422866,510.5286552,,,0.00000474999999999996000,0.191422866,,0.00000474999999999996000,0.22403631
475,56.4437046,0.183960261,510.8179216,,,0.00000475999999999996000,0.183960261,,0.00000475999999999996000,0.435956633
476,100.4942424,0.190689353,511.1809115,,,0.00000476999999999996000,0.190689353,,0.00000476999999999996000,0.244131263
477,53.72575381,0.161376262,510.7718175,,,0.00000477999999999996000,0.161376262,,0.00000477999999999996000,1.196698232
478,61.18570042,0.164091315,510.5605442,,,0.00000478999999999996000,0.164091315,,0.00000478999999999996000,1.094167752
479,56.38280137,0.186088594,510.7882149,,,0.00000479999999999996000,0.186088594,,0.00000479999999999996000,0.373784495
480,51.50864854,0.156136457,510.275885,,,0.00000480999999999996000,0.156136457,,0.00000480999999999996000,1.404654105
481,54.5150495,0.183926036,510.7485762,,,0.00000481999999999996000,0.183926036,,0.00000481999999999996000,0.43696815
482,53.46257033,0.160898176,510.2662261,,,0.00000482999999999996000,0.160898176,,0.00000482999999999996000,1.215110864
483,59.05599711,0.187871943,511.132217,,,0.00000483999999999996000,0.187871943,,0.00000483999999999996000,0.322774568
484,58.63824131,0.177077076,510.3573872,,,0.00000484999999999996000,0.177077076,,0.00000484999999999996000,0.647258385
485,64.98298987,0.169222742,510.3414773,,,0.00000485999999999996000,0.169222742,,0.00000485999999999996000,0.909371225
486,73.6979447,0.225407496,512.1114807,,,0.00000486999999999996000,0.225407496,,0.00000486999999999996000,-0.563590304
487,55.80202758,0.200972518,510.5062526,,,0.00000487999999999996000,0.200972518,,0.00000487999999999996000,-0.024195308
488,54.69491607,0.191819899,510.3568504,,,0.00000488999999999996000,0.191819899,,0.00000488999999999996000,0.21322347
489,56.89514063,0.171202758,510.5528822,,,0.00000489999999999996000,0.171202758,,0.00000489999999999996000,0.841027396
490,52.74064525,0.182384613,510.637821,,,0.00000490999999999996000,0.182384613,,0.00000490999999999996000,0.482918663
491,65.29934801,0.174258133,510.8099228,,,0.00000491999999999996000,0.174258133,,0.00000491999999999996000,0.738613077
492,53.48446298,0.167027032,510.4091872,,,0.00000492999999999996000,0.167027032,,0.00000492999999999996000,0.987054846
493,52.70553137,0.145298426,510.8453451,,,0.00000493999999999996000,0.145298426,,0.00000493999999999996000,1.882387028
494,54.50899898,0.198148035,510.5226435,,,0.00000494999999999996000,0.198148035,,0.00000494999999999996000,0.046731863
495,53.90402732,0.195248833,510.9925295,,,0.00000495999999999996000,0.195248833,,0.00000495999999999996000,0.121669526
496,62.32532536,0.254415946,512.7983055,,,0.00000496999999999996000,0.254415946,,0.00000496999999999996000,-1.069428764
497,51.93871303,0.084948047,510.0498906,,,0.00000497999999999996000,0.084948047,,0.00000497999999999996000,6.771900963
498,59.26239186,0.108675676,510.3210881,,,0.00000498999999999996000,0.108675676,,0.00000498999999999996000,4.201691103
499,75.92112495,0.194400018,510.972591,,,0.00000499999999999996000,0.194400018,,0.00000499999999999996000,0.144032448
500,61.10492107,0.142660853,510.1643918,,,0.00000500999999999996000,0.142660853,,0.00000500999999999996000,2.009631416
501,50.64043252,0.099844816,509.7284777,,,0.00000501999999999996000,0.099844816,,0.00000501999999999996000,5.015542553
502,51.43208866,0.171500705,510.2217668,,,0.00000502999999999996000,0.171500705,,0.00000502999999999996000,0.830879831
503,50.32683475,0.172620826,510.7502209,,,0.00000503999999999996000,0.172620826,,0.00000503999999999996000,0.793043771
504,66.85105975,0.181013837,510.7657143,,,0.00000504999999999996000,0.181013837,,0.00000504999999999996000,0.52443955
505,57.40848789,0.199546481,510.8209853,,,0.00000505999999999996000,0.199546481,,0.00000505999999999996000,0.011363753
506,63.17542772,0.203925767,510.3048316,,,0.00000506999999999996000,0.203925767,,0.00000506999999999996000,-0.0962548
507,58.0186093,0.19947057,510.4268544,,,0.00000507999999999996000,0.19947057,,0.00000507999999999996000,0.01327088
508,56.76932898,0.158214949,510.7012953,,,0.00000508999999999996000,0.158214949,,0.00000508999999999996000,1.320515252
509,41.4153652,0.108164777,510.3380087,,,0.00000509999999999996000,0.108164777,,0.00000509999999999996000,4.245153835
510,55.00760872,0.21322733,510.8624997,,,0.00000510999999999996000,0.21322733,,0.00000510999999999996000,-0.31016967
511,77.11406912,0.193768938,510.1206964,,,0.00000511999999999996000,0.193768938,,0.00000511999999999996000,0.160785882
512,57.22740804,0.213911123,510.6635279,,,0.00000512999999999996000,0.213911123,,0.00000512999999999996000,-0.325161288
513,79.07796692,0.161777358,510.3550357,,,0.00000513999999999996000,0.161777358,,0.00000513999999999996000,1.181334727
514,54.26640511,0.198616609,510.2348505,,,0.00000514999999999996000,0.198616609,,0.00000514999999999996000,0.034825665
515,55.01787851,0.210898313,510.6895811,,,0.00000515999999999996000,0.210898313,,0.00000515999999999996000,-0.258378373
516,52.6572893,0.186663062,510.6138455,,,0.00000516999999999996000,0.186663062,,0.00000516999999999996000,0.357246305
517,50.91791727,0.179964292,510.2932995,,,0.00000517999999999996000,0.179964292,,0.00000517999999999996000,0.556657872
518,53.63343374,0.19841835,510.3484259,,,0.00000518999999999996000,0.19841835,,0.00000518999999999996000,0.039856435
519,52.93602213,0.173044293,510.3383921,,,0.00000519999999999996000,0.173044293,,0.00000519999999999996000,0.77886727
520,53.3601449,0.182531683,510.2325435,,,0.00000520999999999996000,0.182531683,,0.00000520999999999996000,0.478500967
521,53.86123135,0.176340494,510.1766648,,,0.00000521999999999996000,0.176340494,,0.00000521999999999996000,0.670847229
522,42.34869551,0.112519033,510.0111362,,,0.00000522999999999996000,0.112519033,,0.00000522999999999996000,3.887385339
523,45.82138982,0.156635046,510.7074687,,,0.00000523999999999996000,0.156635046,,0.00000523999999999996000,1.384267289
524,56.56425638,0.188347993,510.5569703,,,0.00000524999999999996000,0.188347993,,0.00000524999999999996000,0.309321237
525,53.93470061,0.179084261,510.1911422,,,0.00000525999999999996000,0.179084261,,0.00000525999999999996000,0.58396362
526,53.53128134,0.198967035,510.4554714,,,0.00000526999999999996000,0.198967035,,0.00000526999999999996000,0.025958204
527,51.69570769,0.183148429,510.3800925,,,0.00000527999999999996000,0.183148429,,0.00000527999999999996000,0.460052301
528,51.65396007,0.189213747,510.0208028,,,0.00000528999999999996000,0.189213747,,0.00000528999999999996000,0.285028267
529,51.61650483,0.184839682,510.3889124,,,0.00000529999999999996000,0.184839682,,0.00000529999999999996000,0.410093703
530,64.0865968,0.18630217,510.5243403,,,0.00000530999999999996000,0.18630217,,0.00000530999999999996000,0.367623999
531,60.59522889,0.172509157,511.7885956,,,0.00000531999999999996000,0.172509157,,0.00000531999999999996000,0.796793742
532,78.99723429,0.144389178,511.409853,,,0.00000532999999999996000,0.144389178,,0.00000532999999999996000,1.925726823
533,42.51480891,0.120148833,511.2231759,,,0.00000533999999999996000,0.120148833,,0.00000533999999999996000,3.323010522
534,56.57304464,0.069299891,509.4447176,,,0.00000534999999999996000,0.069299891,,0.00000534999999999996000,9.430037208
535,52.97858828,0.191240034,510.3017816,,,0.00000535999999999996000,0.191240034,,0.00000535999999999996000,0.229030667
536,48.90810163,0.154187179,510.1886363,,,0.00000536999999999996000,0.154187179,,0.00000536999999999996000,1.485623548
537,50.89962839,0.175800689,510.2312551,,,0.00000537999999999996000,0.175800689,,0.00000537999999999996000,0.688259844
538,52.58236514,0.174374788,510.4076403,,,0.00000538999999999996000,0.174374788,,0.00000538999999999996000,0.734773992
539,51.36995221,0.177272987,510.0988598,,,0.00000539999999999996000,0.177272987,,0.00000539999999999996000,0.641017361
540,50.24636445,0.18292905,510.0945843,,,0.00000540999999999996000,0.18292905,,0.00000540999999999996000,0.466600314
541,55.08556013,0.18950084,509.9685224,,,0.00000541999999999996000,0.18950084,,0.00000541999999999996000,0.27702147
542,50.79886064,0.196250893,510.1669968,,,0.00000542999999999996000,0.196250893,,0.00000542999999999996000,0.095518225
543,51.56226869,0.204513124,510.2589361,,,0.00000543999999999996000,0.204513124,,0.00000543999999999996000,-0.110338261
544,52.50123177,0.207803744,510.6945633,,,0.00000544999999999996000,0.207803744,,0.00000544999999999996000,-0.187767176
545,55.27564181,0.203559371,510.3329349,,,0.00000545999999999996000,0.203559371,,0.00000545999999999996000,-0.087428323
546,51.86675608,0.205168896,510.3372205,,,0.00000546999999999996000,0.205168896,,0.00000546999999999996000,-0.125966862
547,50.36812508,0.19127354,510.2327746,,,0.00000547999999999996000,0.19127354,,0.00000547999999999996000,0.228114679
548,49.55258281,0.190192153,510.1609949,,,0.00000548999999999996000,0.190192153,,0.00000548999999999996000,0.257840464
549,55.39761517,0.185768612,510.0654574,,,0.00000549999999999996000,0.185768612,,0.00000549999999999996000,0.383040718
550,55.05409065,0.202029127,509.8803708,,,0.00000550999999999996000,0.202029127,,0.00000550999999999996000,-0.050218685
551,47.1366672,0.17304166,510.0040302,,,0.00000551999999999996000,0.17304166,,0.00000551999999999996000,0.77895518
552,50.14196916,0.166898906,509.9631314,,,0.00000552999999999996000,0.166898906,,0.00000552999999999996000,0.991651022
553,44.1588305,0.157733002,510.2052417,,,0.00000553999999999996000,0.157733002,,0.00000553999999999996000,1.339827338
554,63.38065511,0.203291349,510.1672922,,,0.00000554999999999996000,0.203291349,,0.00000554999999999996000,-0.080951535
555,45.93134003,0.165384379,510.5303478,,,0.00000555999999999996000,0.165384379,,0.00000555999999999996000,1.046520285
556,51.11111226,0.127692363,510.615159,,,0.00000556999999999996000,0.127692363,,0.00000556999999999996000,2.831321923
557,55.63963593,0.135071531,510.2902123,,,0.00000557999999999996000,0.135071531,,0.00000557999999999996000,2.403484587
558,55.87976953,0.242064054,513.2943468,,,0.00000558999999999996000,0.242064054,,0.00000558999999999996000,-0.868862055
559,75.58693775,0.183482646,510.0916076,,,0.00000559999999999996000,0.183482646,,0.00000559999999999996000,0.45010672
560,52.28817084,0.198560115,510.5652957,,,0.00000560999999999996000,0.198560115,,0.00000560999999999996000,0.03625817
561,49.89969486,0.18652296,510.2213337,,,0.00000561999999999996000,0.18652296,,0.00000561999999999996000,0.361270264
562,46.58376942,0.165549782,510.0472314,,,0.00000562999999999996000,0.165549782,,0.00000562999999999996000,1.0404791
563,51.06043241,0.185003752,509.884795,,,0.00000563999999999996000,0.185003752,,0.00000563999999999996000,0.405295791
564,49.21559532,0.179233347,509.9830524,,,0.00000564999999999996000,0.179233347,,0.00000564999999999996000,0.5793189
565,48.29757849,0.184661553,510.403749,,,0.00000565999999999996000,0.184661553,,0.00000565999999999996000,0.415312406
566,99.66140859,0.19292418,510.2842296,,,0.00000566999999999996000,0.19292418,,0.00000566999999999996000,0.183383453
567,49.50534999,0.199849589,510.7461818,,,0.00000567999999999996000,0.199849589,,0.00000567999999999996000,0.003763103
568,50.0216825,0.192924482,509.8436811,,,0.00000568999999999996000,0.192924482,,0.00000568999999999996000,0.183375325
569,48.25947024,0.181498976,509.925388,,,0.00000569999999999996000,0.181498976,,0.00000569999999999996000,0.50967296
570,49.75665611,0.171298032,509.9345436,,,0.00000570999999999996000,0.171298032,,0.00000570999999999996000,0.837778677
571,47.8104683,0.179947281,510.2179594,,,0.00000571999999999996000,0.179947281,,0.00000571999999999996000,0.557183168
572,48.24199017,0.173485206,510.0242379,,,0.00000572999999999996000,0.173485206,,0.00000572999999999996000,0.764180264
573,47.91276212,0.183512991,511.3613893,,,0.00000573999999999996000,0.183512991,,0.00000573999999999996000,0.449205492
574,89.94688523,0.129734897,510.2611009,,,0.00000574999999999996000,0.129734897,,0.00000574999999999996000,2.708026292
575,50.90072016,0.187130405,509.8404048,,,0.00000575999999999996000,0.187130405,,0.00000575999999999996000,0.343867028
576,121.9689249,0.168681126,512.1667582,,,0.00000576999999999995000,0.168681126,,0.00000576999999999995000,0.928345518
577,46.62319274,0.152756616,510.0409448,,,0.00000577999999999995000,0.152756616,,0.00000577999999999995000,1.54636132
578,48.88080874,0.173745138,510.0609278,,,0.00000578999999999995000,0.173745138,,0.00000578999999999995000,0.755556753
579,50.01029193,0.188645231,510.2380377,,,0.00000579999999999995000,0.188645231,,0.00000579999999999995000,0.300955629
580,49.35735714,0.177158297,509.9017818,,,0.00000580999999999995000,0.177158297,,0.00000580999999999995000,0.644669283
581,48.67008058,0.188665157,510.2367656,,,0.00000581999999999995000,0.188665157,,0.00000581999999999995000,0.300395783
582,49.29710822,0.155553188,510.1845056,,,0.00000582999999999995000,0.155553188,,0.00000582999999999995000,1.428669281
583,45.91611684,0.155501913,510.2018942,,,0.00000583999999999995000,0.155501913,,0.00000583999999999995000,1.430789067
584,49.54881051,0.17056697,510.488642,,,0.00000584999999999995000,0.17056697,,0.00000584999999999995000,0.862799815
585,48.57730359,0.141651395,510.1380048,,,0.00000585999999999995000,0.141651395,,0.00000585999999999995000,2.059584536
586,53.05007951,0.172818241,510.4359373,,,0.00000586999999999995000,0.172818241,,0.00000586999999999995000,0.7864262
587,47.18032826,0.14149583,510.5176866,,,0.00000587999999999995000,0.14149583,,0.00000587999999999995000,2.067346078
588,92.15806747,0.119136857,510.2630704,,,0.00000588999999999995000,0.119136857,,0.00000588999999999995000,3.393708108
589,52.62994204,0.167400492,510.4249441,,,0.00000589999999999995000,0.167400492,,0.00000589999999999995000,0.973698097
590,50.99732686,0.131571413,510.8067776,,,0.00000590999999999995000,0.131571413,,0.00000590999999999995000,2.600435201
591,64.70536498,0.147970506,510.2946117,,,0.00000591999999999995000,0.147970506,,0.00000591999999999995000,1.758103517
592,47.62845516,0.163563555,510.2816229,,,0.00000592999999999995000,0.163563555,,0.00000592999999999995000,1.113831416
593,49.50787547,0.163960774,510.1359036,,,0.00000593999999999995000,0.163960774,,0.00000593999999999995000,1.099019759
594,47.4897218,0.164663895,510.4135292,,,0.00000594999999999995000,0.164663895,,0.00000594999999999995000,1.072976698
595,50.8911732,0.15989247,510.1189929,,,0.00000595999999999995000,0.15989247,,0.00000595999999999995000,1.25420321
596,46.17795976,0.151450449,510.1939007,,,0.00000596999999999995000,0.151450449,,0.00000596999999999995000,1.602819652
597,48.05698694,0.152134877,510.1101351,,,0.00000597999999999995000,0.152134877,,0.00000597999999999995000,1.573114705
598,47.34396555,0.157517109,510.1052433,,,0.00000598999999999995000,0.157517109,,0.00000598999999999995000,1.348516709
599,47.610649,0.159454784,510.1326212,,,0.00000599999999999995000,0.159454784,,0.00000599999999999995000,1.271370303
600,50.81600864,0.164332771,510.2006158,,,0.00000600999999999995000,0.164332771,,0.00000600999999999995000,1.08521353
601,48.18276888,0.170371042,510.313768,,,0.00000601999999999995000,0.170371042,,0.00000601999999999995000,0.869542095
602,49.45532669,0.168740568,510.3186707,,,0.00000602999999999995000,0.168740568,,0.00000602999999999995000,0.926257153
603,49.17989981,0.16269779,510.5776516,,,0.00000603999999999995000,0.16269779,,0.00000603999999999995000,1.146364974
604,47.533325,0.159511839,510.303563,,,0.00000604999999999995000,0.159511839,,0.00000604999999999995000,1.269127147
605,47.73914592,0.161588044,510.2429408,,,0.00000605999999999995000,0.161588044,,0.00000605999999999995000,1.18857668
606,46.81402767,0.151657109,510.2217021,,,0.00000606999999999995000,0.151657109,,0.00000606999999999995000,1.593822104
607,48.19008058,0.159254128,510.2281865,,,0.00000607999999999995000,0.159254128,,0.00000607999999999995000,1.279272094
608,54.05806324,0.115389893,510.0497631,,,0.00000608999999999995000,0.115389893,,0.00000608999999999995000,3.666270249
609,44.88357087,0.131878192,510.0250493,,,0.00000609999999999995000,0.131878192,,0.00000609999999999995000,2.582754841
610,51.22505785,0.153806542,510.1805875,,,0.00000610999999999995000,0.153806542,,0.00000610999999999995000,1.501674016
611,48.48656128,0.180758948,509.8989054,,,0.00000611999999999995000,0.180758948,,0.00000611999999999995000,0.532229585
612,48.3421811,0.168938355,510.0118882,,,0.00000612999999999995000,0.168938355,,0.00000612999999999995000,0.919318905
613,51.15667611,0.183798913,509.9342609,,,0.00000613999999999995000,0.183798913,,0.00000613999999999995000,0.440728587
614,45.70036772,0.15507942,509.7461722,,,0.00000614999999999995000,0.15507942,,0.00000614999999999995000,1.448308871
615,46.90810087,0.174160791,509.9466566,,,0.00000615999999999995000,0.174160791,,0.00000615999999999995000,0.741820501
